{"cameraMode":{"drawMode":0,"name":"Shaded","section":"Shading Mode"},"sceneLighting":true,"audioPlay":false,"sceneViewState":{"m_AlwaysRefresh":false,"showFog":true,"showSkybox":true,"showFlares":true,"showImageEffects":true,"showParticleSystems":true,"showVisualEffectGraphs":true,"m_FxEnabled":true},"in2DMode":false,"pivot":{"x":-2.599789619445801,"y":1.1122561693191529,"z":-0.7195122838020325},"rotation":{"x":0.06616941839456558,"y":0.8973939418792725,"z":-0.15725748240947724,"w":0.4080617427825928},"size":0.5590303540229797,"orthographic":false}