{"cameraMode":{"drawMode":0,"name":"Shaded","section":"Shading Mode"},"sceneLighting":true,"audioPlay":false,"sceneViewState":{"m_AlwaysRefresh":false,"showFog":true,"showSkybox":true,"showFlares":true,"showImageEffects":true,"showParticleSystems":true,"showVisualEffectGraphs":true,"m_FxEnabled":true},"in2DMode":false,"pivot":{"x":-1.569553017616272,"y":0.9754637479782105,"z":0.2650078535079956},"rotation":{"x":-0.12346086651086807,"y":-0.28658702969551089,"z":0.04254769906401634,"w":-0.9496095776557922},"size":1.9173061847686768,"orthographic":false}