{"cameraMode":{"drawMode":0,"name":"Shaded","section":"Shading Mode"},"sceneLighting":true,"audioPlay":false,"sceneViewState":{"m_AlwaysRefresh":false,"showFog":true,"showSkybox":true,"showFlares":true,"showImageEffects":true,"showParticleSystems":true,"showVisualEffectGraphs":true,"m_FxEnabled":true},"in2DMode":false,"pivot":{"x":-2.5215086936950685,"y":99.56411743164063,"z":26.494524002075197},"rotation":{"x":0.19835230708122254,"y":-0.7241706848144531,"z":0.6184104084968567,"w":0.23217308521270753},"size":1.3706631660461426,"orthographic":false}