{"cameraMode":{"drawMode":0,"name":"Shaded","section":"Shading Mode"},"sceneLighting":false,"audioPlay":false,"sceneViewState":{"m_AlwaysRefresh":false,"showFog":true,"showSkybox":false,"showFlares":true,"showImageEffects":true,"showParticleSystems":true,"showVisualEffectGraphs":true,"m_FxEnabled":true},"in2DMode":false,"pivot":{"x":3.3929998874664308,"y":0.5180000066757202,"z":14.09000015258789},"rotation":{"x":0.39500850439071658,"y":-0.3175862729549408,"z":0.1476701945066452,"w":0.8493524789810181},"size":0.08660262823104859,"orthographic":false}