{"cameraMode":{"drawMode":0,"name":"Shaded","section":"Shading Mode"},"sceneLighting":false,"audioPlay":false,"sceneViewState":{"m_AlwaysRefresh":false,"showFog":false,"showSkybox":false,"showFlares":false,"showImageEffects":false,"showParticleSystems":false,"showVisualEffectGraphs":true,"m_FxEnabled":true},"in2DMode":false,"pivot":{"x":-1.9915858507156373,"y":-0.036709390580654147,"z":-0.41728174686431887},"rotation":{"x":0.004063392523676157,"y":-0.7668204307556152,"z":0.004828446079045534,"w":0.6418567299842835},"size":1.577423095703125,"orthographic":false}