{"cameraMode":{"drawMode":0,"name":"Shaded","section":"Shading Mode"},"sceneLighting":false,"audioPlay":false,"sceneViewState":{"m_AlwaysRefresh":false,"showFog":false,"showSkybox":false,"showFlares":false,"showImageEffects":false,"showParticleSystems":false,"showVisualEffectGraphs":true,"m_FxEnabled":true},"in2DMode":false,"pivot":{"x":-0.00004851818084716797,"y":0.8667939901351929,"z":0.011433959007263184},"rotation":{"x":-0.0657673254609108,"y":0.8215106725692749,"z":-0.09681554138660431,"w":-0.5580539107322693},"size":1.3656631708145142,"orthographic":false}